filename, label
choco1.jpg, ferrero_rocher
choco2.jpg, ferrero_rocher
choco3.jpg, ferrero_rocher
choco4.jpg, ferrero_rocher
choco5.jpg, ferrero_rocher
choco6.jpg, ferrero_rocher
choco7.jpg, ferrero_rocher
choco8.jpg, ferrero_rocher
choco9.jpg, ferrero_rocher
choco10.jpg, ferrero_rocher
choco11.jpg, ferrero_rocher
choco12.jpg, ferrero_rocher
choco13.jpg, ferrero_rocher
choco14.jpg, ferrero_rocher
choco15.jpg, ferrero_rocher
choco16.jpg, ferrero_rocher
choco17.jpg, ferrero_rocher
choco18.jpg, ferrero_rocher
choco19.jpg, ferrero_rocher
choco20.jpg, ferrero_rocher
choco21.jpg, ferrero_rocher
choco22.jpg, ferrero_rocher
choco23.jpg, ferrero_rocher
choco24.jpg, ferrero_rocher
choco25.jpg, ferrero_rocher
choco26.jpg, ferrero_rocher
choco27.jpg, ferrero_rocher
choco28.jpg, ferrero_rocher
choco29.jpg, ferrero_rocher
choco30.jpg, ferrero_rocher
choco31.jpg, ferrero_rocher
choco32.jpg, ferrero_rocher
choco33.jpg, ferrero_rocher
choco34.jpg, ferrero_rocher
choco35.jpg, ferrero_rocher
choco36.jpg, ferrero_rocher
choco37.jpg, ferrero_rocher
choco38.jpg, ferrero_rocher
choco39.jpg, ferrero_rocher
choco40.jpg, ferrero_rocher
choco41.jpg, ferrero_rocher
choco42.jpg, ferrero_rocher
choco43.jpg, ferrero_rocher
choco44.jpg, ferrero_rocher
choco45.jpg, ferrero_rocher
choco46.jpg, ferrero_rocher
choco47.jpg, ferrero_rocher
choco48.jpg, ferrero_rocher
choco49.jpg, ferrero_rocher
choco50.jpg, ferrero_rocher
choco51.jpg, ferrero_rocher
choco52.jpg, ferrero_rocher
choco53.jpg, ferrero_rocher
choco54.jpg, ferrero_rocher
choco55.jpg, ferrero_rocher
choco56.jpg, ferrero_rocher
choco57.jpg, ferrero_rocher
choco58.jpg, ferrero_rocher
choco59.jpg, ferrero_rocher
choco60.jpg, ferrero_rocher
choco61.jpg, ferrero_rocher
choco62.jpg, ferrero_rocher
choco63.jpg, ferrero_rocher
choco64.jpg, ferrero_rocher
choco65.jpg, ferrero_rocher
choco66.jpg, ferrero_rocher
choco67.jpg, ferrero_rocher
choco68.jpg, ferrero_rocher
choco69.jpg, ferrero_rocher
choco70.jpg, ferrero_rocher
choco71.jpg, ferrero_rocher
choco72.jpg, ferrero_rocher
choco73.jpg, ferrero_rocher
choco74.jpg, ferrero_rocher
choco75.jpg, ferrero_rocher
choco76.jpg, ferrero_rocher
choco77.jpg, ferrero_rocher
choco78.jpg, ferrero_rocher
choco79.jpg, ferrero_rocher
choco80.jpg, ferrero_rocher
choco81.jpg, ferrero_rocher
choco82.jpg, ferrero_rocher
choco83.jpg, ferrero_rocher
choco84.jpg, ferrero_rocher
choco85.jpg, ferrero_rocher
choco86.jpg, ferrero_rocher
choco87.jpg, ferrero_rocher
choco88.jpg, ferrero_rocher
choco89.jpg, ferrero_rocher
choco90.jpg, ferrero_rocher
choco91.jpg, ferrero_rocher
choco92.jpg, ferrero_rocher
choco93.jpg, ferrero_rocher
choco94.jpg, ferrero_rocher
choco95.jpg, ferrero_rocher
choco96.jpg, ferrero_rocher
choco97.jpg, ferrero_rocher
choco98.jpg, ferrero_rocher
choco99.jpg, ferrero_rocher
choco100.jpg, ferrero_rocher
choco101.jpg, ferrero_rocher
choco102.jpg, ferrero_rocher
choco103.jpg, ferrero_rocher
choco104.jpg, ferrero_rocher
choco105.jpg, ferrero_rocher
choco106.jpg, ferrero_rocher
choco107.jpg, ferrero_rocher
choco108.jpg, ferrero_rocher
choco109.jpg, ferrero_rocher
choco110.jpg, ferrero_rocher
choco111.jpg, ferrero_noir
choco112.jpg, ferrero_noir
choco113.jpg, ferrero_noir
choco114.jpg, ferrero_noir
choco115.jpg, ferrero_noir
choco116.jpg, ferrero_noir
choco117.jpg, ferrero_noir
choco118.jpg, ferrero_noir
choco119.jpg, ferrero_noir
choco120.jpg, ferrero_noir
choco121.jpg, ferrero_noir
choco122.jpg, ferrero_noir
choco123.jpg, ferrero_noir
choco124.jpg, ferrero_noir
choco125.jpg, ferrero_noir
choco126.jpg, ferrero_noir
choco127.jpg, ferrero_noir
choco128.jpg, ferrero_noir
choco129.jpg, ferrero_noir
choco130.jpg, ferrero_noir
choco131.jpg, ferrero_noir
choco132.jpg, ferrero_noir
choco133.jpg, ferrero_noir
choco134.jpg, ferrero_noir
choco135.jpg, ferrero_noir
choco136.jpg, ferrero_noir
choco137.jpg, ferrero_noir
choco138.jpg, ferrero_noir
choco139.jpg, ferrero_noir
choco140.jpg, ferrero_noir
choco141.jpg, ferrero_noir
choco142.jpg, ferrero_noir
choco143.jpg, ferrero_noir
choco144.jpg, ferrero_noir
choco145.jpg, ferrero_noir
choco146.jpg, ferrero_noir
choco147.jpg, ferrero_noir
choco148.jpg, ferrero_noir
choco149.jpg, ferrero_noir
choco150.jpg, ferrero_noir
choco151.jpg, ferrero_noir
choco152.jpg, ferrero_noir
choco153.jpg, ferrero_noir
choco154.jpg, ferrero_noir
choco155.jpg, ferrero_noir
choco156.jpg, ferrero_noir
choco157.jpg, ferrero_noir
choco158.jpg, ferrero_noir
choco159.jpg, ferrero_noir
choco160.jpg, ferrero_noir
choco161.jpg, ferrero_noir
choco162.jpg, ferrero_noir
choco163.jpg, ferrero_noir
choco164.jpg, ferrero_noir
choco165.jpg, ferrero_noir
choco166.jpg, ferrero_noir
choco167.jpg, ferrero_noir
choco168.jpg, ferrero_noir
choco169.jpg, ferrero_noir
choco170.jpg, ferrero_noir
choco171.jpg, ferrero_noir
choco172.jpg, ferrero_noir
choco173.jpg, ferrero_noir
choco174.jpg, ferrero_noir
choco175.jpg, ferrero_noir
choco176.jpg, ferrero_noir
choco177.jpg, ferrero_noir
choco178.jpg, ferrero_noir
choco179.jpg, ferrero_noir
choco180.jpg, ferrero_noir
choco181.jpg, ferrero_noir
choco182.jpg, ferrero_noir
choco183.jpg, ferrero_noir
choco184.jpg, ferrero_noir
choco185.jpg, ferrero_noir
choco186.jpg, ferrero_noir
choco187.jpg, ferrero_noir
choco188.jpg, ferrero_noir
choco189.jpg, ferrero_noir
choco190.jpg, ferrero_noir
choco191.jpg, ferrero_noir
choco192.jpg, ferrero_noir
choco193.jpg, ferrero_noir
choco194.jpg, ferrero_noir
choco195.jpg, ferrero_noir
choco196.jpg, ferrero_noir
choco197.jpg, ferrero_noir
choco198.jpg, ferrero_noir
choco199.jpg, ferrero_noir
choco200.jpg, ferrero_noir
choco201.jpg, ferrero_noir
choco202.jpg, ferrero_noir
choco203.jpg, ferrero_noir
choco204.jpg, ferrero_noir
choco205.jpg, ferrero_noir
choco206.jpg, ferrero_noir
choco207.jpg, ferrero_noir
choco208.jpg, ferrero_noir
choco209.jpg, ferrero_noir
choco210.jpg, ferrero_noir
choco211.jpg, ferrero_noir
choco212.jpg, ferrero_noir
choco213.jpg, ferrero_noir
choco214.jpg, ferrero_noir
choco215.jpg, ferrero_noir
choco216.jpg, ferrero_noir
choco217.jpg, ferrero_noir
choco218.jpg, ferrero_noir
choco219.jpg, ferrero_noir
choco220.jpg, ferrero_noir
choco221.jpg, raffaello
choco222.jpg, raffaello
choco223.jpg, raffaello
choco224.jpg, raffaello
choco225.jpg, raffaello
choco226.jpg, raffaello
choco227.jpg, raffaello
choco228.jpg, raffaello
choco229.jpg, raffaello
choco230.jpg, raffaello
choco231.jpg, raffaello
choco232.jpg, raffaello
choco233.jpg, raffaello
choco234.jpg, raffaello
choco235.jpg, raffaello
choco236.jpg, raffaello
choco237.jpg, raffaello
choco238.jpg, raffaello
choco239.jpg, raffaello
choco240.jpg, raffaello
choco241.jpg, raffaello
choco242.jpg, raffaello
choco243.jpg, raffaello
choco244.jpg, raffaello
choco245.jpg, raffaello
choco246.jpg, raffaello
choco247.jpg, raffaello
choco248.jpg, raffaello
choco249.jpg, raffaello
choco250.jpg, raffaello
choco251.jpg, raffaello
choco252.jpg, raffaello
choco253.jpg, raffaello
choco254.jpg, raffaello
choco255.jpg, raffaello
choco256.jpg, raffaello
choco257.jpg, raffaello
choco258.jpg, raffaello
choco259.jpg, raffaello
choco260.jpg, raffaello
choco261.jpg, raffaello
choco262.jpg, raffaello
choco263.jpg, raffaello
choco264.jpg, raffaello
choco265.jpg, raffaello
choco266.jpg, raffaello
choco267.jpg, raffaello
choco268.jpg, raffaello
choco269.jpg, raffaello
choco270.jpg, raffaello
choco271.jpg, raffaello
choco272.jpg, raffaello
choco273.jpg, raffaello
choco274.jpg, raffaello
choco275.jpg, raffaello
choco276.jpg, raffaello
choco277.jpg, raffaello
choco278.jpg, raffaello
choco279.jpg, raffaello
choco280.jpg, raffaello
choco281.jpg, raffaello
choco282.jpg, raffaello
choco283.jpg, raffaello
choco284.jpg, raffaello
choco285.jpg, raffaello
choco286.jpg, raffaello
choco287.jpg, raffaello
choco288.jpg, raffaello
choco289.jpg, raffaello
choco290.jpg, raffaello
choco291.jpg, raffaello
choco292.jpg, raffaello
choco293.jpg, raffaello
choco294.jpg, raffaello
choco295.jpg, raffaello
choco296.jpg, raffaello
choco297.jpg, raffaello
choco298.jpg, raffaello
choco299.jpg, raffaello
choco300.jpg, raffaello
choco301.jpg, raffaello
choco302.jpg, raffaello
choco303.jpg, raffaello
choco304.jpg, raffaello
choco305.jpg, raffaello
choco306.jpg, raffaello
choco307.jpg, raffaello
choco308.jpg, raffaello
choco309.jpg, raffaello
choco310.jpg, raffaello
choco311.jpg, raffaello
choco312.jpg, raffaello
choco313.jpg, raffaello
choco314.jpg, raffaello
choco315.jpg, raffaello
choco316.jpg, raffaello
choco317.jpg, raffaello
choco318.jpg, raffaello
choco319.jpg, raffaello
choco320.jpg, raffaello
choco321.jpg, raffaello
choco322.jpg, raffaello
choco323.jpg, raffaello
choco324.jpg, raffaello
choco325.jpg, raffaello
choco326.jpg, raffaello
choco327.jpg, raffaello
choco328.jpg, raffaello
choco329.jpg, raffaello
choco330.jpg, raffaello
choco331.jpg, rigetto
choco332.jpg, rigetto
choco333.jpg, rigetto
choco334.jpg, rigetto
choco335.jpg, rigetto
choco336.jpg, rigetto
choco337.jpg, rigetto
choco338.jpg, rigetto
choco339.jpg, rigetto
choco340.jpg, rigetto
choco341.jpg, rigetto
choco342.jpg, rigetto
choco343.jpg, rigetto
choco344.jpg, rigetto
choco345.jpg, rigetto
choco346.jpg, rigetto
choco347.jpg, rigetto
choco348.jpg, rigetto
choco349.jpg, rigetto
choco350.jpg, rigetto
choco351.jpg, rigetto
choco352.jpg, rigetto
choco353.jpg, rigetto
choco354.jpg, rigetto
choco355.jpg, rigetto
choco356.jpg, rigetto
choco357.jpg, rigetto
choco358.jpg, rigetto
choco359.jpg, rigetto
choco360.jpg, rigetto
choco361.jpg, rigetto
choco362.jpg, rigetto
choco363.jpg, rigetto
choco364.jpg, rigetto
choco365.jpg, rigetto
choco366.jpg, rigetto
choco367.jpg, rigetto
choco368.jpg, rigetto
choco369.jpg, rigetto
choco370.jpg, rigetto
choco371.jpg, rigetto
choco372.jpg, rigetto
choco373.jpg, rigetto
choco374.jpg, rigetto
choco375.jpg, rigetto
choco376.jpg, rigetto
choco377.jpg, rigetto
choco378.jpg, rigetto
choco379.jpg, rigetto
choco380.jpg, rigetto
choco381.jpg, rigetto
choco382.jpg, rigetto
choco383.jpg, rigetto
choco384.jpg, rigetto
choco385.jpg, rigetto
choco386.jpg, rigetto
choco387.jpg, rigetto
choco388.jpg, rigetto
choco389.jpg, rigetto
choco390.jpg, rigetto
choco391.jpg, rigetto
choco392.jpg, rigetto
choco393.jpg, rigetto
choco394.jpg, rigetto
choco395.jpg, rigetto
choco396.jpg, rigetto
choco397.jpg, rigetto
choco398.jpg, rigetto
choco399.jpg, rigetto
choco400.jpg, rigetto
choco401.jpg, rigetto
choco402.jpg, rigetto
choco403.jpg, rigetto
choco404.jpg, rigetto
choco405.jpg, rigetto
choco406.jpg, rigetto
choco407.jpg, rigetto
choco408.jpg, rigetto
choco409.jpg, rigetto
choco410.jpg, rigetto
choco411.jpg, rigetto
choco412.jpg, rigetto
choco413.jpg, rigetto
choco414.jpg, rigetto
choco415.jpg, rigetto
choco416.jpg, rigetto
choco417.jpg, rigetto
choco418.jpg, rigetto
choco419.jpg, rigetto
choco420.jpg, rigetto
choco421.jpg, rigetto
choco422.jpg, rigetto
choco423.jpg, rigetto
choco424.jpg, rigetto
choco425.jpg, rigetto
choco426.jpg, rigetto
choco427.jpg, rigetto
choco428.jpg, rigetto
choco429.jpg, rigetto
choco430.jpg, rigetto
choco431.jpg, rigetto
choco432.jpg, rigetto
choco433.jpg, rigetto
choco434.jpg, rigetto
choco435.jpg, rigetto
choco436.jpg, rigetto
choco437.jpg, rigetto
choco438.jpg, rigetto
choco439.jpg, rigetto
choco440.jpg, rigetto